{
    "reg_type": "l2",
    "l1": 5.3771640711934316e-06,
    "lr": 0.08611217825990654,
    "l2": 7.102715674987188e-05,
    "epochs": 30
}