{
    "accuracy": [
        0.3828372657299042,
        0.5869520902633667,
        0.6629055738449097,
        0.7080182433128357,
        0.748637855052948,
        0.7669757008552551,
        0.8929413557052612,
        0.8996706604957581,
        0.9015410542488098,
        0.903939962387085,
        0.9050174951553345,
        0.9058510065078735,
        0.9130682349205017,
        0.914125382900238,
        0.9151215553283691,
        0.9154468774795532,
        0.9189639687538147,
        0.9392127990722656,
        0.9412661790847778,
        0.940493643283844,
        0.9431772232055664,
        0.9408392310142517,
        0.9419777393341064
    ],
    "loss": [
        2.6574220657348633,
        1.7845709323883057,
        1.55401611328125,
        1.4025408029556274,
        1.1882325410842896,
        1.164006233215332,
        0.5548102855682373,
        0.45331186056137085,
        0.44367465376853943,
        0.430286169052124,
        0.4178311228752136,
        0.41229647397994995,
        0.3946051597595215,
        0.3914646506309509,
        0.38296350836753845,
        0.3767782151699066,
        0.3647231459617615,
        0.2955016493797302,
        0.2733612060546875,
        0.27006593346595764,
        0.25866997241973877,
        0.25886836647987366,
        0.2561785578727722
    ],
    "val_accuracy": [
        0.17628882825374603,
        0.25288665294647217,
        0.5108147859573364,
        0.22930558025836945,
        0.5527728199958801,
        0.5168319940567017,
        0.915433406829834,
        0.9260042309761047,
        0.9316962361335754,
        0.9313709735870361,
        0.9329972267150879,
        0.907627284526825,
        0.934948742389679,
        0.946007490158081,
        0.9046999216079712,
        0.900634229183197,
        0.9383639693260193,
        0.9700764417648315,
        0.965522825717926,
        0.9619450569152832,
        0.9617823958396912,
        0.9687753915786743,
        0.9630834460258484
    ],
    "val_loss": [
        8.984536170959473,
        6.462576389312744,
        2.6243889331817627,
        10.19229793548584,
        2.8848395347595215,
        2.861762046813965,
        0.3966401219367981,
        0.35786890983581543,
        0.34066224098205566,
        0.33952632546424866,
        0.3255356550216675,
        0.39805614948272705,
        0.31839612126350403,
        0.2953822910785675,
        0.38697150349617004,
        0.3994676172733307,
        0.3018524646759033,
        0.1894872933626175,
        0.18859247863292694,
        0.1877494603395462,
        0.18387477099895477,
        0.17196235060691833,
        0.18066637217998505
    ],
    "learning_rate": [
        0.08611217886209488,
        0.08611217886209488,
        0.08611217886209488,
        0.08611217886209488,
        0.08611217886209488,
        0.08611217886209488,
        0.017222436144948006,
        0.017222436144948006,
        0.017222436144948006,
        0.017222436144948006,
        0.017222436144948006,
        0.017222436144948006,
        0.017222436144948006,
        0.017222436144948006,
        0.017222436144948006,
        0.017222436144948006,
        0.017222436144948006,
        0.003444487228989601,
        0.003444487228989601,
        0.003444487228989601,
        0.003444487228989601,
        0.003444487228989601,
        0.003444487228989601
    ]
}